Cs,Al,B,Tg,Al4,Al5,B4
24.59841665,24.56935988,50.83222347,700,0.888725887,28.73547034,2.390322216
16.75501207,21.81250724,61.43248068,700,5.35329306,16.05987918,2.231388541
14.16948249,12.91559452,72.91492299,700,1.81129785,12.12176254,3.696974003
9.76275927,9.150132579,81.08710815,700,2.36582681,7.097480429,4.864020082
