Na,P,Si,Tg,P3,P2,P1,P0,Si6,Si5,Si4,Si3,Si2,Si1,Si0
8.205032137,72,18,700,78.95729614,9.931592752,0,0,11.11111111,0,0,0,0,0,0
19.74474232,64,16,700,61.55285732,27.33603157,0,0,11.11111111,0,0,0,0,0,0
39.35917363,48,12,700,16.77177281,72.11711608,0,0,1.40068165,9.710429461,0,0,0,0,0
24.68204924,39.9,30.1,700,30.86563861,41.74582636,0,0,5.325826039,0,22.06270899,0,0,0,0
19.2628542,69.6,10.4,700,67.53077459,25.51735376,0,0,6.951871658,0,0,0,0,0,0
