Na,Li,K,Cs,Ca,Mg,Si,P,B,Al,Si6SM,Si5SM,Si4SM,Si3SM,Si2SM,Si1SM,Si0SM,P3SM,P2SM,P1SM,P0SM,B4SM,Al4SM,Al6SM,Si6,Si5,Si4,Si3,Si2,Si1,Si0,P3,P2,P1,P0,B4,Al4,Al6
8.205032137,0,0,0,0,0,18,72,0,0,0,0,11.0859587,0.025150629,1.78E-06,8.02E-12,7.37E-18,78.91405136,9.974829257,8.28E-06,3.92E-18,0,0,0,11.11111111,0,0,0,0,0,0,78.95729614,9.931592752,0,0,0,0,0
19.74474232,0,0,0,0,0,16,64,0,0,0,0,11.03509901,0.07599464,1.75E-05,2.75E-10,9.73E-16,61.96499368,26.92381998,7.52E-05,1.27E-16,0,0,0,11.11111111,0,0,0,0,0,0,61.55285732,27.33603157,0,0,0,0,0
39.35917363,0,0,0,0,0,12,48,0,0,0,0,10.76021118,0.350513879,0.000386019,2.98E-08,5.26E-13,16.24133778,72.64638822,0.001162885,1.05E-14,0,0,0,1.40068165,9.710429461,0,0,0,0,0,16.77177281,72.11711608,0,0,0,0,0
24.68204924,0,0,0,0,0,30.1,39.9,0,0,0,0,26.90047377,0.487763043,0.000298207,1.27E-08,1.23E-13,28.10018507,44.51091929,0.000360608,1.72E-15,0,0,0,5.325826039,0,22.06270899,0,0,0,0,30.86563861,41.74582636,0,0,0,0,0
19.2628542,0,0,0,0,0,10.4,69.6,0,0,0,0,6.908731513,0.043131173,8.97E-06,1.28E-10,4.08E-16,67.09134278,25.95672024,6.53E-05,9.96E-17,0,0,0,6.951871658,0,0,0,0,0,0,67.53077459,25.51735376,0,0,0,0,0
